<!DOCTYPE hibernate-configuration SYSTEM
        "http://www.hibernate.org/dtd/hibernate-configuration-3.0.dtd">

<hibernate-configuration>
    <session-factory>
        <property name="hibernate.connection.driver_class">com.microsoft.sqlserver.jdbc.SQLServerDriver</property>
	<property name="hibernate.connection.url">jdbc:sqlserver://206.189.237.186:14111;databaseName=ReservasHotel;encrypt=false</property>
        <property name="hibernate.connection.username">ymartinez</property>
        <property name="hibernate.connection.password">Leonel2002</property>
        <property name="hibernate.hbm2ddl.auto">update</property>
        <property name="hibernate.show_sql">false</property>
	<property name="hibernate.format_sql">false</property>
	<property name="hibernate.use_sql_comments">false</property>
	<property name="hibernate.current_session_context_class">thread</property>
        <property name="hibernate.connection.autocommit">true</property>
        <property name="hibernate.current_session_context_class">thread</property>
        <property name="enable_lazy_load_no_trans">true</property>
        <!-- Entidades a usar (No olvidar de actualizar) -->
        <mapping class="com.hibernatestandalone.entity.Usuario"/>
        <mapping class="com.hibernatestandalone.entity.Gerente"/>
        <mapping class="com.hibernatestandalone.entity.Empleado"/>
        <mapping class="com.hibernatestandalone.entity.Reserva"/>
        <mapping class="com.hibernatestandalone.entity.Habitacion"/>
        <mapping class="com.hibernatestandalone.entity.Huesped"/>
        <mapping class="com.hibernatestandalone.entity.Factura"/>


    </session-factory>
    
</hibernate-configuration>